#Execution;Time taken;Hit rate
1;0.000055;0.000000
2;0.000048;0.000000
3;0.000049;0.000000
4;0.000048;0.000000
5;0.000050;0.000000
6;0.000049;0.000000
7;0.000049;0.000000
8;0.000048;0.000000
9;0.000047;0.000000
10;0.000048;0.000000
